files,repeat,read_s,h2d_s,index_s,parse_s,delta_s,compact_s,d2h_s,store_s
1,1,0.042,0.005,0.003,0.004,0.000,0.001,0.006,0.000
1,2,0.041,0.005,0.003,0.004,0.000,0.001,0.003,0.000
1,3,0.043,0.005,0.003,0.004,0.000,0.001,0.003,0.000
7,1,0.278,0.102,0.058,0.080,0.014,0.040,0.044,0.000
7,2,0.273,0.030,0.010,0.028,0.002,0.005,0.018,0.000
7,3,0.280,0.030,0.011,0.032,0.002,0.005,0.018,0.000
28,1,1.162,0.735,0.439,0.609,0.164,0.355,0.423,0.000
28,2,1.169,0.201,0.069,0.146,0.022,0.050,0.149,0.000
28,3,1.171,0.204,0.080,0.139,0.026,0.055,0.144,0.000
